200608160,맥시부펜시럽(덱시부프로펜),한미약품(주),해열진통소염제
198701129,뮤테란과립200밀리그램(아세틸시스테인),한화제약(주),호흡기관용약
198801525,뮤테란캡슐200밀리그램(아세틸시스테인),한화제약(주),호흡기관용약
199500435,엘도스캡슐(에르도스테인),(주)대웅제약,호흡기관용약
199303108,타이레놀정500밀리그람(아세트아미노펜)(수출명:TylenolExtraStrengthCaplets),(주)한국얀센,해열진통소염제
201403474,경남나프록센연질캡슐,경남제약(주),해열진통소염제
200102905,구주로라타딘정10밀리그람(수출명:로히스타정),구주제약(주),호흡기관용약
200900682,굿스펜연질캡슐(덱시부프로펜),광동제약(주),해열진통소염제
200202148,그리펜-에스정(덱시부프로펜),신일제약(주),해열진통소염제
200502782,그린펜시럽(이부프로펜),(주)녹십자,해열진통소염제
201800130,그린펜이지시럽(덱시부프로펜),한국맥널티(주),해열진통소염제
201207377,글로덱시정300mg(덱시부프로펜),(주)한국글로벌제약,해열진통소염제
200803434,기스톱정(세티리진염산염),(주)아이월드제약,호흡기관용약
199401319,나로펜정(나프록센나트륨),오스틴제약(주),해열진통소염제
198701721,나르펜정400밀리그램(이부프로펜)(수출명:PANALTab.),초당약품공업(주),해열진통소염제
201403877,나리센연질캡슐(나프록센),한국콜마(주),해열진통소염제
201306491,나쎈연질캡슐(나프록센),신일제약(주),해열진통소염제
201401095,나에겐연질캡슐(나프록센),(주)마더스제약,해열진통소염제
200500806,나프노펜정(나프록센나트륨),(주)일화,해열진통소염제
201206055,나프러스정(나프록센나트륨),(주)넥스팜코리아,해열진통소염제
201701248,나프록소정(나프록센나트륨),오스템파마주식회사,해열진통소염제
199801959,나프록스정275mg(나프록센나트륨),영일제약(주),해열진통소염제
200204388,나프록신정(나프록센나트륨),화일약품(주),해열진통소염제
199802387,나프롱정(나프록센나트륨),신일제약(주),해열진통소염제
201501592,낙센연질캡슐(나프록센),(주)종근당,해열진통소염제
197500016,낙센정(나프록센),(주)종근당,해열진통소염제
201803647,네오크로신연질캡슐(클로닉신리시네이트),(주)넥스팜코리아,해열진통소염제
199804331,넥스팜염산암부록솔정(암브록솔염산염),(주)넥스팜코리아,호흡기관용약
199802138,넬슨로라타딘정,한국넬슨제약(주),호흡기관용약
199501735,넬슨이부프로펜정200밀리그램(이부프로펜),한국넬슨제약(주),해열진통소염제
199501736,넬슨이부프로펜정400밀리그램(이부프로펜),한국넬슨제약(주),해열진통소염제
198601395,노리스정(클로닉신리시네이트),크라운제약(주),해열진통소염제
199701227,노타민정(로라타딘),안국약품(주),호흡기관용약
200102527,노텍정(세티리진염산염),미래제약(주),호흡기관용약
198600267,누코미트액(아세틸시스테인),(주)셀트리온제약,호흡기관용약
199200475,누코미트캡슐200밀리그램(아세틸시스테인),(주)셀트리온제약,호흡기관용약
201602871,뉴에르도테캡슐(에르도스테인),안국뉴팜(주),호흡기관용약
200901146,뉴클로정(클로닉신리시네이트),한솔신약(주),해열진통소염제
201404125,다나센연질캡슐(나프록센),에이프로젠제약(주),해열진통소염제
200705433,다나프록센정(나프록센나트륨),한국코러스(주),해열진통소염제
199102092,다이야펜정400밀리그램(이부프로펜),미래제약(주),해열진통소염제
198902158,다이투스정(암브록솔염산염),구주제약(주),호흡기관용약
201500673,다펜-큐연질캡슐(이부프로펜),조아제약(주),해열진통소염제
201005795,닥스펜시럽(덱시부프로펜),(주)바이넥스,해열진통소염제
200000930,닥스펜정(덱시부프로펜),(주)바이넥스,해열진통소염제
199700873,대우로라타딘정(수출명:로미딘정|라틴정|필미딘정),대우제약(주),호흡기관용약
199900511,대웅이부펜시럽(이부프로펜)(수출명:SOTSTOPsyrup),(주)대웅제약,해열진통소염제
198801657,대화이부프로펜정400밀리그램(수출명:UPRO400|IBUFEN),대화제약(주),해열진통소염제
200401219,데코라펜연질캡슐(덱시부프로펜),이니스트바이오제약(주),해열진통소염제
200101016,데코라펜정(덱시부프로펜),이니스트바이오제약(주),해열진통소염제
201602068,덱스렌정(덱시부프로펜디.씨.),(주)오스코리아제약,해열진통소염제
201104764,덱스리펜연질캡슐(덱시부프로펜),알리코제약(주),해열진통소염제
200905351,덱스쿨연질캡슐(덱시부프로펜),일양약품(주),해열진통소염제
201502386,덱스트론정300밀리그램(덱시부프로펜디.씨.),대화제약(주),해열진통소염제
201110646,덱스피드연질캡슐(덱시부프로펜),(주)유한양행,해열진통소염제
200101683,덱스핀정(덱시부프로펜디.씨),한국유나이티드제약(주),해열진통소염제
201708249,덱시디펜시럽(덱시부프로펜),경동제약(주),해열진통소염제
200400135,덱시로펜정(덱시부프로펜),동광제약(주),해열진통소염제
201006494,덱시부시럽(덱시부프로펜),우리들제약(주),해열진통소염제
200809274,덱시부펜연질캡슐(덱시부프로펜),제일헬스사이언스(주),해열진통소염제
200900041,덱시엔연질캡슐(덱시부프로펜),에스케이케미칼(주),해열진통소염제
200808462,덱시원연질캡슐(덱시부프로펜),한국코러스(주),해열진통소염제
201005694,덱시탑시럽(덱시부프로펜),건일제약(주),해열진통소염제
201110516,덱시푸루펜연질캡슐(덱시부프로펜),영진약품(주),해열진통소염제
201503809,덱시프렌드연질캡슐(덱시부프로펜),부광약품(주),해열진통소염제
201401248,덱쎈연질캡슐(덱시부프로펜),(주)마더스제약,해열진통소염제
201701383,덱펜정(덱시부프로펜),(주)경보제약,해열진통소염제
200300579,도스틴캡슐(에르도스테인),삼아제약(주),호흡기관용약
201900187,독립목클린캡슐200밀리그램(아세틸시스테인),독립바이오제약(주),호흡기관용약
200000242,동광염산세티리진정,동광제약(주),호흡기관용약
201606935,동성에르도스테인캡슐(에르도스테인),동성제약(주),호흡기관용약
201308676,동인당나프록센정(나프록센나트륨),동인당제약(주),해열진통소염제
201805153,동화엘텐정(에르도스테인),동화약품(주),호흡기관용약
200300275,디캐롤정(덱시부프로펜),일동제약(주),해열진통소염제
198601047,디크로닉정(클로닉신리시네이트),대화제약(주),해열진통소염제
199301968,디크로닉정250밀리그램(클로닉신리시네이트),대화제약(주),해열진통소염제
200001172,디퓨탭서방정(이부프로펜),동성제약(주),해열진통소염제
200905055,디퓨텐연질캡슐(덱시부프로펜),동성제약(주),해열진통소염제
201305834,디프로펜시럽(덱시부프로펜),한국유니온제약(주),해열진통소염제
200201329,디프로펜정300밀리그램(덱시부프로펜디.씨.),한국유니온제약(주),해열진통소염제
199802009,러지텍정(세티리진염산염),동인당제약(주),호흡기관용약
201702394,레도신연질캡슐(클로닉신리시네이트),알리코제약(주),해열진통소염제
201605007,렘피드캡슐(에르도스테인),(주)마더스제약,호흡기관용약
200904082,로노펜300연질캡슐(덱시부프로펜),태극제약(주),해열진통소염제
200100922,로노펜정(덱시부프로펜),태극제약(주),해열진통소염제
200001184,로다인정(로라타딘),동성제약(주),호흡기관용약
201507693,로라딘연질캡슐(로라타딘),한솔신약(주),호흡기관용약
201404206,로라젠정(로라타딘),(주)뉴젠팜,호흡기관용약
199901601,로라타인정(로라타딘)(수출명:UnidineTabs.|LergicylTabs.|AirtalineTabs.),한국유나이티드제약(주),호흡기관용약
199702177,로리딘정(로라타딘),(주)테라젠이텍스,호흡기관용약
201802446,로스테인캡슐(아세틸시스테인),(주)인트로바이오파마,호흡기관용약
199400028,로이솔정(암브록솔염산염),신풍제약(주),호흡기관용약
199701967,로텍정(세티리진염산염)(수출명:ZINRYTECTabs),영일제약(주),호흡기관용약
198900699,록솔정(암브록솔염산염),삼아제약(주),호흡기관용약
199600625,루트펜325밀리그램정(아세트아미노펜),(주)바이넥스,해열진통소염제
197600722,리나치올시럽(L-카르보시스테인)(수출명:HyundiolSyrup),현대약품(주),호흡기관용약
198200689,리나치올시럽5%(L-카르보시스테인)(수출명:HyundiolSyrup5%),현대약품(주),호흡기관용약
197800466,리나치올캡슐375밀리그램(L-카르보시스테인)(수출명:HyundiolCapsule375Mg),현대약품(주),호흡기관용약
198301005,리나치올캡슐500밀리그람(L-카르보시스테인)(수출명:HyundiolCapsule500Mg),현대약품(주),호흡기관용약
199701416,리도펜연질캡슐(이부프로펜),(주)메디카코리아,해열진통소염제
201403460,리드펜플러스연질캡슐(덱시부프로펜),명문제약(주),해열진통소염제
199302515,리오루펜정400밀리그람(이부프로펜),알파제약(주),해열진통소염제
197900219,마스질정(클레마스틴푸마르산염),태극제약(주),호흡기관용약
200201695,맥스펜정(덱시부프로펜),오스틴제약(주),해열진통소염제
201005697,맥스프로시럽(덱시부프로펜),일성신약(주),해열진통소염제
201107084,맥스프로펜시럽(덱시부프로펜),(주)테라젠이텍스,해열진통소염제
200710817,맥시부펜이알정(덱시부프로펜),한미약품(주),해열진통소염제
200904632,맥시쿨펜연질캡슐(덱시부프로펜),에이프로젠제약(주),해열진통소염제
201005753,맥시펜시럽(덱시부프로펜),진양제약(주),해열진통소염제
201404850,맥쎈연질캡슐(나프록센),코스맥스바이오(주),해열진통소염제
200901517,맥펜시럽(이부프로펜)(새콤한오렌지맛),한국맥널티(주),해열진통소염제
200606983,메피롤-씨시럽2%(L-카르보시스테인),일성신약(주),호흡기관용약
200606982,메피롤-씨시럽5%(L-카르보시스테인),일성신약(주),호흡기관용약
199902656,목틴캡슐(아세틸시스테인)(수출명:뮤코브론치),한미약품(주),호흡기관용약
200700876,무로펜정(덱시부프로펜),(주)하원제약,해열진통소염제
200102543,무코신일정(메틸-N|S-디아세틸시스테인),신일제약(주),호흡기관용약
199401186,무테린캡슐200밀리그램(아세틸시스테인),한국유나이티드제약(주),호흡기관용약
200702709,뮤레스캡슐(에르도스테인),제이더블유신약(주),호흡기관용약
199600422,뮤세틸캡슐200mg(아세틸시스테인),위더스제약(주),호흡기관용약
201405457,뮤스타캡슐200mg(아세틸시스테인),일양약품(주),호흡기관용약
201502577,뮤스테인캡슐200mg(아세틸시스테인),(주)경보제약,호흡기관용약
199603333,뮤시딘캡슐200밀리그램(아세틸시스테인),대한뉴팜(주),호흡기관용약
200308774,뮤코다인캡슐200mg(아세틸시스테인),(주)테라젠이텍스,호흡기관용약
201506556,뮤코레스캡슐200밀리그램(아세틸시스테인),(주)비씨월드제약,호흡기관용약
201502964,뮤코로솔정(암브록솔염산염),제이에스제약(주),호흡기관용약
200001948,뮤코론5%시럽(L-카르보시스테인),부광약품(주),호흡기관용약
198000304,뮤코론캡슐375밀리그램(L-카르보시스테인),부광약품(주),호흡기관용약
199801158,뮤코리드캅셀200mg(아세틸시스테인)(수출명:아시스테인캅셀),이니스트바이오제약(주),호흡기관용약
200403090,뮤코메드캡슐(에르도스테인),구주제약(주),호흡기관용약
201708295,뮤코반캡슐200mg(아세틸시스테인),(주)넥스팜코리아,호흡기관용약
200100163,뮤코브이시럽(암브록솔염산염),이연제약(주),호흡기관용약
199600087,뮤코세린캅셀(아세틸시스테인),한국휴텍스제약(주),호흡기관용약
198901021,뮤코스텐캡슐(아세틸시스테인),(주)메디카코리아,호흡기관용약
199001080,뮤코스텐캡슐100밀리그램(아세틸시스테인),(주)메디카코리아,호흡기관용약
201602679,뮤코원캡슐(에르도스테인),보령제약(주),호흡기관용약
200401475,뮤코존정(메칠-N|S-디아세틸시스테인),(주)동구바이오제약,호흡기관용약
197400277,뮤코졸정(브롬헥신염산염),부광약품(주),호흡기관용약
201206250,뮤코테라트로키제(암브록솔염산염),(주)테라젠이텍스,호흡기관용약
201206776,뮤코텍캡슐200밀리그램(아세틸시스테인),안국약품(주),호흡기관용약
201602738,뮤코티아캡슐200밀리그램(아세틸시스테인),(주)다산제약,호흡기관용약
201404707,뮤코틸캡슐(아세틸시스테인),(주)한국글로벌제약,호흡기관용약
200900740,뮤코펙트정(암브록솔염산염),(주)사노피-아벤티스코리아,호흡기관용약
201804944,뮤테란시럽(아세틸시스테인),한화제약(주),호흡기관용약
198801531,뮤테란캡슐100밀리그램(아세틸시스테인),한화제약(주),호흡기관용약
201500723,뮤테인캡슐(아세틸시스테인),한국코러스(주),호흡기관용약
199302666,뮤텐캡슐200mg(아세틸시스테인),구주제약(주),호흡기관용약
201801561,뮤트린캡슐200밀리그램(아세틸시스테인),(주)씨트리,호흡기관용약
201103627,미그펜400연질캡슐(이부프로펜),(주)알피바이오,해열진통소염제
199902599,미래나프록센나트륨정,미래제약(주),해열진통소염제
201602340,미리놀과립(아세틸시스테인),(주)바이넥스,호흡기관용약
199800785,미리놀캡슐,(주)바이넥스,호흡기관용약
199600328,바로닉신정125밀리그램(클로닉신리시네이트),에이프로젠제약(주),해열진통소염제
198100078,바로론정(클로닉신리시네이트),국제약품(주),해열진통소염제
201206383,바로소펜연질캡슐(덱시부프로펜),(주)유유제약,해열진통소염제
199500850,바르젠정(클로닉신리시네이트)(수출명:CLOCXINETab.Stocxine(Clonysinlysinate125)|STOLXINE),콜마파마(주),해열진통소염제
200008592,바이엘아스피린정100밀리그람,바이엘코리아(주),해열진통소염제
200008591,바이엘아스피린정500밀리그람,바이엘코리아(주),해열진통소염제
201802592,바이펜연질캡슐300mg(덱시부프로펜),구주제약(주),해열진통소염제
199300224,베비잘시럽(이부프로펜),(주)종근당,해열진통소염제
198700683,보령뮤코미스트액(아세틸시스테인),보령제약(주),호흡기관용약
197700120,부루펜정200밀리그램(이부프로펜),삼일제약(주),해열진통소염제
198300343,부루펜정400밀리그램(이부프로펜),삼일제약(주),해열진통소염제
201105016,브레핀에스연질캡슐(이부프로펜),제이더블유중외제약(주),해열진통소염제
201405014,브록솔정(암브록솔염산염),(주)휴비스트제약,호흡기관용약
201508010,브론펙트캡슐(에르도스테인),삼진제약(주),호흡기관용약
200404048,비도스캡슐(에르도스테인),한국프라임제약(주),호흡기관용약
201601858,이니스트에르도스테인캡슐,이니스트바이오제약(주),호흡기관용약
201406120,비알덱시펜시럽(덱시부프로펜),(주)보령바이오파마,해열진통소염제
201507724,비알뮤코과립(아세틸시스테인),(주)보령바이오파마,호흡기관용약
201507620,비알뮤코캡슐(아세틸시스테인),(주)보령바이오파마,호흡기관용약
201405818,비알이부펜시럽(이부프로펜),(주)보령바이오파마,해열진통소염제
200903482,비오펜연질캡슐(덱시부프로펜),(주)동구바이오제약,해열진통소염제
199401030,삼남아세트아미노펜정,삼남제약(주),해열진통소염제
199601312,삼남아세트아미노펜정500밀리그람,삼남제약(주),해열진통소염제
199502585,삼익아세트아미노펜정500밀리그람,삼익제약(주),해열진통소염제
199502575,삼익이부프로펜정,삼익제약(주),해열진통소염제
200403428,새로딘시럽(로라타딘),삼익제약(주),호흡기관용약
199800470,세노바액(세티리진염산염),일동제약(주),호흡기관용약
199800468,세노바정(세티리진염산염),일동제약(주),호흡기관용약
199801495,세라진정(세티리진염산염)[수출명:Ceratablet|Allergentablet|Unizeftablet|Highceratablet],삼진제약(주),호흡기관용약
199102384,세록센정(나프록센나트륨),영풍제약(주),해열진통소염제
200101870,세리노즈정(세티리진염산염),(주)씨트리,호흡기관용약
199401316,세리콘정(아세트아미노펜),오스틴제약(주),해열진통소염제
199702829,세리텍정(세티리진염산염),영풍제약(주),호흡기관용약
201504721,세브론과립(아세틸시스테인),(주)서울제약,호흡기관용약
200302275,세브론시럽(아세틸시스테인)(수출명:뮤시스틴시럽|스파탐시럽),(주)서울제약,호흡기관용약
199903649,세브론캡슐(아세틸시스테인),(주)서울제약,호흡기관용약
201802416,세지날정(세티리진염산염),(주)다산제약,호흡기관용약
200001634,세진정(세티리진염산염),(주)동구바이오제약,호흡기관용약
200200662,세토펜8시간이알서방정(아세트아미노펜),삼아제약(주),해열진통소염제
201308957,세토펜건조시럽(아세트아미노펜),삼아제약(주),해열진통소염제
199300891,세토펜정(아세트아미노펜),삼아제약(주),해열진통소염제
199600770,세토펜정325밀리그램(아세트아미노펜),삼아제약(주),해열진통소염제
199300892,세토펜정80밀리그램(아세트아미노펜),삼아제약(주),해열진통소염제
199800888,세토펜현탁액(아세트아미노펜),삼아제약(주),해열진통소염제
199700120,세트린정(세티리진염산염)(수출명:ANTIRIZINtab),한국휴텍스제약(주),호흡기관용약
201507229,세티레인캡슐200mg(아세틸시스테인),조아제약(주),호흡기관용약
200900207,세티스정(세티리진염산염),한솔신약(주),호흡기관용약
200001713,세티진정(세티리진염산염),삼남제약(주),호흡기관용약
199602745,세틸란캡슐200mg(아세틸시스테인),(주)유영제약,호흡기관용약
201005692,소니펜시럽(덱시부프로펜),제이더블유신약(주),해열진통소염제
201403363,소니펜정300mg(덱시부프로펜),제이더블유신약(주),해열진통소염제
199600913,소담캡슐200mg(아세틸시스테인),삼천당제약(주),호흡기관용약
199100998,소롤캡슐(소브레롤),태극제약(주),호흡기관용약
199302401,소롤캡슐200밀리그램(소브레롤),(주)한국파비스제약,호흡기관용약
198800911,소부날캡슐200mg(소브레롤),진양제약(주),호흡기관용약
200001947,소아용뮤코론시럽(L-카르보시스테인),부광약품(주),호흡기관용약
200512203,솔루펜연질캡슐(덱시부프로펜),현대약품(주),해열진통소염제
201805241,슈메디펜8시간이알서방정650밀리그램(아세트아미노펜),에스케이케미칼(주),해열진통소염제
200102657,스노핀정275밀리그램(나프록센나트륨),(주)한국파비스제약,해열진통소염제
201800131,스르텍연질캡슐10mg(세티리진염산염),에스케이케미칼(주),호흡기관용약
198400131,스코펜정400밀리그램(이부프로펜),에이프로젠제약(주),해열진통소염제
199702566,스테신캡슐(아세틸시스테인),(주)뉴젠팜,호흡기관용약
199201048,스파탐캡슐200밀리그램(아세틸시스테인),명인제약(주),호흡기관용약
200301809,스피드펜연질캡슐(이부프로펜),한미약품(주),해열진통소염제
201103628,스피딕400연질캡슐(이부프로펜),광동제약(주),해열진통소염제
201310281,스피록센연질캡슐(나프록센),광동제약(주),해열진통소염제
199000139,시스타인캡슐(아세틸시스테인),동광제약(주),호흡기관용약
197400343,신일브롬헥신염산염정(수출명:BIVOTUME|BIVO),신일제약(주),호흡기관용약
199702520,신일세티리진정(세티리진염산염)(수출명:RAMILLANTab.),신일제약(주),호흡기관용약
198901916,신일소브레롤캡슐200밀리그램,신일제약(주),호흡기관용약
198901915,신일이부프로펜정400밀리그람(수출명:IFENTab.),신일제약(주),해열진통소염제
199501954,신일클로닉신리시네이트정,신일제약(주),해열진통소염제
200301818,써스펜8시간이알서방정(아세트아미노펜),한미약품(주),해열진통소염제
200201784,쎄락틸정300밀리그람(덱시부프로펜디.씨.),고려제약(주),해열진통소염제
199802620,쎄로테정(세티리진염산염),(주)씨엠지제약,호흡기관용약
199802497,쎄르텍정(세티리진염산염),(주)레고켐제약,호흡기관용약
199703153,씨즈날정(세티리진염산염),(주)녹십자,호흡기관용약
200400644,아나탁심정(나프록센나트륨),(주)마더스제약,해열진통소염제
198300064,아나프록스정(나프록센나트륨),(주)종근당,해열진통소염제
201406015,아나프제연질캡슐(나프록센),(주)유유제약,해열진통소염제
198700731,아낙스정(나프록센나트륨),환인제약(주),해열진통소염제
201800671,아날라프연질캡슐(나프록센),에스케이케미칼(주),해열진통소염제
201700254,아니스펜8시간이알서방정(아세트아미노펜),콜마파마(주),해열진통소염제
199302027,아록솔정(암브록솔염산염),(주)비씨월드제약,호흡기관용약
199701398,아루텍정(세티리진염산염),(주)메디카코리아,호흡기관용약
199901375,아루펜정400밀리그람(이부프로펜),삼남제약(주),해열진통소염제
201802601,아르쿨연질캡슐(세티리진염산염),(주)마더스제약,호흡기관용약
200904666,아르텍연질캡슐10mg(세티리진염산염),(주)알피바이오,호흡기관용약
199702918,아미세타정325밀리그람(아세트아미노펜제피세립),(주)휴온스,해열진통소염제
199300928,아세락캅셀200밀리그람(아세틸시스테인),동성제약(주),호흡기관용약
201405501,아세란캡슐200밀리그램(아세틸시스테인),(주)화이트생명과학,호흡기관용약
199301549,아세르정(암브록솔염산염),삼남제약(주),호흡기관용약
199602374,아세테인캡슐200밀리그램(아세틸시스테인),광동제약(주),호흡기관용약
201504206,아세텔린캡슐(아세틸시스테인),케이엠에스제약(주),호흡기관용약
201705483,아세틴캡슐(아세틸시스테인),아이큐어(주),호흡기관용약
201306207,아세틸캡슐(아세틸시스테인),오스틴제약(주),호흡기관용약
200102577,아세핀정(아세트아미노펜제피세립),신일제약(주),해열진통소염제
201804476,아슈펜정,(주)씨트리,해열진통소염제
199601337,아스타펜정160밀리그람(아세트아미노펜제피세립),삼남제약(주),해열진통소염제
199601338,아스타펜정325밀리그람(아세트아미노펜제피세립),삼남제약(주),해열진통소염제
200904855,아스테란캡슐(아세틸시스테인),한국콜마(주),호흡기관용약
199601956,아시틴캡슐(아세틸시스테인),(주)파마킹,호흡기관용약
200901147,아이비에프정(이부프로펜),한솔신약(주),해열진통소염제
201800862,아이소펜시럽(덱시부프로펜),한국휴텍스제약(주),해열진통소염제
198902058,아제인캅셀(아세칠시스테인),알파제약(주),호흡기관용약
199801389,아코라마캡슐200밀리그램(아세틸시스테인),삼남제약(주),호흡기관용약
201403697,아테인캡슐(아세틸시스테인),(주)휴비스트제약,호흡기관용약
199703126,아티란캡슐200밀리그램(아세틸시스테인),알보젠코리아(주),호흡기관용약
200410902,알도스캡슐(에르도스테인),(주)오스코리아제약,호흡기관용약
200300269,알도스텐캡슐300밀리그램(에르도스테인),일동제약(주),호흡기관용약
201605325,알두스캡슐(에르도스테인),아주약품(주),호흡기관용약
200905228,알드라민정(세티리진염산염),익수제약(주),호흡기관용약
200806365,알러딘정(펙소페나딘염산염),(주)휴온스,호흡기관용약
201602714,알러비정(세티리진염산염),제이에스제약(주),호흡기관용약
200906254,알러샷연질캡슐(세티리진염산염),(주)녹십자,호흡기관용약
201603775,알러엔연질캡슐(세티리진염산염),한국프라임제약(주),호흡기관용약
199701908,알러텍정(세티리진염산염),고려제약(주),호흡기관용약
199801016,알레그라정120밀리그람(펙소페나딘염산염),(주)한독,호흡기관용약
200001515,알레드정(세티리진염산염),일양약품(주),호흡기관용약
199700265,알레리진정(세티리진염산염),이연제약(주),호흡기관용약
201502338,알레오프엘정(로라타딘),부광약품(주),호흡기관용약
199800504,알레틴정(로라타딘)(수출명:비알레틴),한올바이오파마(주),호흡기관용약
201602144,알로스탑연질캡슐(로라타딘),영진약품(주),호흡기관용약
199804309,알로판400mg정(이부프로펜),(주)넥스팜코리아,해열진통소염제
199803133,알리진정(세티리진염산염),초당약품공업(주),호흡기관용약
198900712,알리코이부프로펜정400mg,알리코제약(주),해열진통소염제
199701099,알메텍정(세티리진염산염),에이프로젠제약(주),호흡기관용약
201507696,알바스테인캡슐(에르도스테인),한국휴텍스제약(주),호흡기관용약
198802481,알삭센정(나프록센나트륨),크라운제약(주),해열진통소염제
200905403,알세진정10밀리그램(세티리진염산염),크리스탈생명과학(주),호흡기관용약
199801849,알지렉스정(세티리진염산염),오스틴제약(주),호흡기관용약
200905653,알지엔스피드연질캡슐10밀리그램(세티리진염산염),(주)대웅제약,호흡기관용약
199800303,알지텍정(세티리진염산염),정우신약(주),호흡기관용약
201802728,알코펜연질캡슐(이부프로펜),알리코제약(주),해열진통소염제
199701900,알티린정(세티리진염산염)(수출명:Vilex|Cetirin),대화제약(주),호흡기관용약
200709256,알파클로닉신리신정,알파제약(주),해열진통소염제
198800558,암브렉트정(암브록솔염산염),동화약품(주),호흡기관용약
201802993,암브로엠정(암브록솔염산염),(주)마더스제약,호흡기관용약
201304742,암브론정30mg(암브록솔염산염),조아제약(주),호흡기관용약
198800057,암펙솔정(암브록솔염산염),한국휴텍스제약(주),호흡기관용약
201000953,애니펜시럽(덱시부프로펜),안국약품(주),해열진통소염제
200100915,애니펜정150밀리그람(덱시부프로펜),안국약품(주),해열진통소염제
200001368,애니펜정300밀리그램(덱시부프로펜),안국약품(주),해열진통소염제
200610785,애드빌리퀴겔연질캡슐(이부프로펜),한국화이자제약(주),해열진통소염제
200109769,애드빌정(이부프로펜),한국화이자제약(주),해열진통소염제
201005689,애스펜시럽(덱시부프로펜),영일제약(주),해열진통소염제
200201831,애스펜정(덱시부프로펜디.씨),영일제약(주),해열진통소염제
198601920,어린이부루펜시럽(이부프로펜),삼일제약(주),해열진통소염제
199100705,어린이알리펜시럽(이부프로펜)(수출명:이부돌시럽),대우제약(주),해열진통소염제
199400581,어린이용타스펜정160밀리그램(아세트아미노펜),대우제약(주),해열진통소염제
199303109,어린이용타이레놀정80밀리그람(아세트아미노펜),(주)한국얀센,해열진통소염제
199603002,어린이타이레놀현탁액,(주)한국얀센,해열진통소염제
200400009,에도날캡슐(에르도스테인),신풍제약(주),호흡기관용약
200402284,에도스캡슐(에르도스테인),영일제약(주),호흡기관용약
200301618,에도스텐캡슐(에르도스테인),한국넬슨제약(주),호흡기관용약
200400233,에도인캡슐(에르도스테인),삼성제약(주),호흡기관용약
201802652,에르덱스캡슐(에르도스테인),안국약품(주),호흡기관용약
201701882,에르도민캡슐(에르도스테인),동국제약(주),호흡기관용약
200403246,에르도스캡슐(에르도스테인),명문제약(주),호흡기관용약
201801843,에르도캡슐300밀리그램(에르도스테인),(주)씨엠지제약,호흡기관용약
200400668,에르딘캡슐(에르도스테인),대우제약(주),호흡기관용약
201804395,에르스토캡슐(에르도스테인),(주)아이월드제약,호흡기관용약
201802357,에르코프캡슐(에르도스테인),(주)다산제약,호흡기관용약
201700418,에르테인캡슐(에르도스테인),(주)일화,호흡기관용약
201602501,에르펜캡슐(에르도스테인),조아제약(주),호흡기관용약
201601896,에리텐캡슐(에르도스테인),(주)셀트리온제약,호흡기관용약
201308922,에스부펜정(덱시부프로펜),삼천당제약(주),해열진통소염제
200903668,에스빈연질캡슐(덱시부프로펜),한솔신약(주),해열진통소염제
200302371,에스빌연질캡슐(덱시부프로펜),(주)알피바이오,해열진통소염제
201601614,에스텐캡슐300mg(에르도스테인),대한뉴팜(주),호흡기관용약
200202755,에스프로펜정(덱시부프로펜),(주)유영제약,해열진통소염제
200403671,에이스펜연질캡슐(나프록센),(주)알피바이오,해열진통소염제
200101871,씨트리나프록센정(나프록센나트륨),(주)씨트리,해열진통소염제
199403378,에이프로젠나프록센나트륨정,에이프로젠제약(주),해열진통소염제
201301493,에이프록센연질캡슐(나프록센),(주)서흥,해열진통소염제
200100997,에쟈스민정(로라타딘),콜마파마(주),호흡기관용약
198901706,엑스펙토시럽2%(L-카르보시스테인),우리들제약(주),호흡기관용약
201603768,엑스펜시럽(덱시부프로펜),(주)동구바이오제약,해열진통소염제
200100417,엑시펜정(덱시부프로펜),한올바이오파마(주),해열진통소염제
200300769,엔디스캡슐(에르도스테인),삼천당제약(주),호흡기관용약
200202873,엔시드8시간이알서방정650mg(아세트아미노펜),한림제약(주),해열진통소염제
200901148,엔에이피정(나프록센나트륨),한솔신약(주),해열진통소염제
201503810,엔프렌드연질캡슐(나프록센),부광약품(주),해열진통소염제
201505921,엘다인캡슐(에르도스테인),(주)테라젠이텍스,호흡기관용약
201602096,엘도라캡슐(에르도스테인),대화제약(주),호흡기관용약
200300100,엘도란트캡슐(에르도스테인),(주)종근당,호흡기관용약
200301610,엘도랄정(에르도스테인),경동제약(주),호흡기관용약
200402912,엘도린캡슐(에르도스테인),영풍제약(주),호흡기관용약
201602684,엘도민캡슐300밀리그램(에르도스테인),(주)유유제약,호흡기관용약
201803233,엘도브론정(에르도스테인),한국콜마(주),호흡기관용약
200404657,엘도브론캡슐300밀리그램(에르도스테인),한국콜마(주),호흡기관용약
201602706,엘도스인캡슐(에르도스테인),(주)한국글로벌제약,호흡기관용약
200400951,엘도스타캡슐(에르도스테인),에이프로젠제약(주),호흡기관용약
200301507,엘도스탐캡슐(에르도스테인),코오롱제약(주),호흡기관용약
201803487,엘도스테인캡슐(에르도스테인),화일약품(주),호흡기관용약
200402328,엘도스틴캡슐(에르도스테인),(주)파마킹,호흡기관용약
200400830,엘도신캡슐(에르도스테인),알리코제약(주),호흡기관용약
201603171,엘도원캡슐(에르도스테인),(주)텔콘알에프제약,호흡기관용약
200301833,엘도인캡슐(에르도스테인),한미약품(주),호흡기관용약
201601174,엘도진캡슐300밀리그램(에르도스테인),(주)화이트생명과학,호흡기관용약
200404779,엘도캡슐(에르도스테인),크리스탈생명과학(주),호흡기관용약
200403710,엘도코프캡슐(에르도스테인),(주)경보제약,호흡기관용약
201803649,엘도클캡슐(에르도스테인),씨제이헬스케어(주),호흡기관용약
200301284,엘도테인캡슐(에르도스테인)(수출명:AldoteinCaps.),한국유나이티드제약(주),호흡기관용약
200411048,엘도텍캡슐(에르도스테인),오스틴제약(주),호흡기관용약
200400151,엘도틴캡슐(에르도스테인),이연제약(주),호흡기관용약
200404437,엘도펙트캡슐300밀리그램(에르도스테인),환인제약(주),호흡기관용약
201701108,엘도프로정(에르도스테인),영진약품(주),호흡기관용약
201706739,엘로인캡슐(에르도스테인),한국코러스(주),호흡기관용약
200401445,엘로틴캡슐(에르도스테인),(주)동구바이오제약,호흡기관용약
201601245,엘리도스캡슐(에르도스테인),(주)알피바이오,호흡기관용약
201805240,엘뮤코정(에르도스테인),(주)보령바이오파마,호흡기관용약
200301033,엘부날캡슐(에르도스테인),진양제약(주),호흡기관용약
201601506,엘스타캡슐(에르도스테인),아이큐어(주),호흡기관용약
201804394,엘스테인정(에르도스테인),대원제약(주),호흡기관용약
200301252,엘스테인캡슐(에르도스테인),대원제약(주),호흡기관용약
201600445,엘스틴캡슐(에르도스테인),(주)휴온스메디케어,호흡기관용약
201802556,엘씨펜연질캡슐400mg(이부프로펜),구주제약(주),해열진통소염제
201508139,엘코스텐캡슐(에르도스테인),(주)메디카코리아,호흡기관용약
201801702,엘타인캡슐(에르도스테인),동광제약(주),호흡기관용약
200402508,엘테인캡슐(에르도스테인),하나제약(주),호흡기관용약
200402458,엘펙탄캡슐(에르도스테인),우리들제약(주),호흡기관용약
200300251,엘펙트캡슐(에르도스테인),국제약품(주),호흡기관용약
201403389,여우엔연질캡슐(나프록센),코오롱제약(주),해열진통소염제
198901605,영일염산암브록솔정,영일제약(주),호흡기관용약
201405100,오스테인캡슐200밀리그램(아세틸시스테인),(주)오스코리아제약,호흡기관용약
199401315,오스틴암브록솔염산염정,오스틴제약(주),호흡기관용약
198701124,오스틴이부프로펜정400밀리그람,오스틴제약(주),해열진통소염제
201405135,올나펜연질캡슐(나프록센),(주)경보제약,해열진통소염제
201900282,옵티제로연질캡슐(덱시부프로펜),경진제약사,해열진통소염제
200502037,우리들아세틸시스테인과립200밀리그람,우리들제약(주),호흡기관용약
199602082,우리들아세틸시스테인캡슐200mg,우리들제약(주),호흡기관용약
199102030,우리들암브록솔염산염시럽,우리들제약(주),호흡기관용약
201401232,우리들암브록솔염산염정30mg,우리들제약(주),호흡기관용약
201400817,워너비스트롱연질캡슐(덱시부프로펜),(주)한독,해열진통소염제
201400732,워너비올리브연질캡슐(이부프로펜),(주)한독,해열진통소염제
201700567,유니도스캡슐(에르도스테인),한국유니온제약(주),호흡기관용약
200302457,유니펙탄캡슐(에르도스테인),유니메드제약(주),호흡기관용약
200903081,유닉신정(클로닉신리시네이트),제이에스제약(주),해열진통소염제
201708145,유스테인캡슐(에르도스테인),(주)유영제약,호흡기관용약
201404776,유한이부프로펜연질캡슐400mg,(주)유한양행,해열진통소염제
201403938,이든암브록솔염산염정(암브록솔염산염),(주)이든파마,호흡기관용약
199501694,이바펜400밀리그람정(이부프로펜),동인당제약(주),해열진통소염제
198901710,이부날시럽(이부프로펜),우리들제약(주),해열진통소염제
201607229,이부뉴펜연질캡슐(이부프로펜),동방에프티엘(주),해열진통소염제
201700729,한큐연질캡슐(이부프로펜),코스맥스바이오(주),해열진통소염제
201308385,이부로엔연질캡슐(이부프로펜),에스케이케미칼(주),해열진통소염제
199302363,이부서스펜시럽(이부프로펜),한미약품(주),해열진통소염제
201606897,이부쎈에프정(이부프로펜아르기닌),(주)마더스제약,해열진통소염제
198500565,이부펜200밀리그람정(이부프로펜),태극제약(주),해열진통소염제
198800776,이부펜정400mg(이부프로펜),제이에스제약(주),해열진통소염제
200606413,이브듀오시럽(이부프로펜),삼아제약(주),해열진통소염제
201803371,동아이부프로펜연질캡슐200mg,동아제약(주),해열진통소염제
201707212,이스탄캡슐(에르도스테인),(주)이든파마,호흡기관용약
200300463,이알디캡슐(에르도스테인),(주)바이넥스,호흡기관용약
201706656,이알펜8시간서방정(아세트아미노펜),(주)경보제약,해열진통소염제
201601056,이지엔6스트롱연질캡슐(나프록센),(주)대웅제약,해열진통소염제
200400463,이지엔6애니연질캡슐(이부프로펜),(주)대웅제약,해열진통소염제
201802994,이지엔6에이스연질캡슐(아세트아미노펜),(주)대웅제약,해열진통소염제
200400485,이지엔6프로연질캡슐(덱시부프로펜)(수출명:DAUFENSoftCapsule|SPEEDFEN),(주)대웅제약,해열진통소염제
201005690,이지쿨시럽(덱시부프로펜),(주)휴온스,해열진통소염제
201310950,이지펜연질캡슐(덱시부프로펜),신신제약(주),해열진통소염제
201805119,이테란과립(아세틸시스테인),(주)이든파마,호흡기관용약
199802171,이텍스암브록솔시럽(암브록솔염산염),(주)테라젠이텍스,호흡기관용약
199302175,이텍스암브록솔정(암브록솔염산염),(주)테라젠이텍스,호흡기관용약
198501126,이텍스이부프로펜정400mg(수출명:IPRO|ILJINIBUPROPENTabs.),(주)테라젠이텍스,해열진통소염제
200902364,이프렌에스연질캡슐(덱시부프로펜),삼진제약(주),해열진통소염제
199602408,인테스캡슐200mg(아세틸시스테인),(주)씨엠지제약,호흡기관용약
201705635,일성아세트아미노펜정160밀리그램,일성신약(주),해열진통소염제
201705636,일성아세트아미노펜정325밀리그램,일성신약(주),해열진통소염제
201403321,일양나프록센나트륨정,일양약품(주),해열진통소염제
201403596,일양바이오아세틸시스테인과립200밀리그램,일양바이오팜(주),호흡기관용약
201403429,일양바이오아세틸시스테인캡슐200밀리그램,일양바이오팜(주),호흡기관용약
201705259,일펜정(이부프로펜리신),일양약품(주),해열진통소염제
201310498,자이날큐연질캡슐(나프록센),고려제약(주),해열진통소염제
200905315,자이펜연질캡슐300mg(덱시부프로펜),(주)일화,해열진통소염제
201501483,제라타딘정(로라타딘),제이에스제약(주),호흡기관용약
200906966,제로정150mg(덱시부프로펜),삼일제약(주),해열진통소염제
200101022,제이타딘정(로라타딘),이니스트바이오제약(주),호흡기관용약
201803206,제일알지싹로라연질캡슐(로라타딘),제일헬스사이언스(주),호흡기관용약
201803236,제일알지싹세티연질캡슐(세티리진염산염),제일헬스사이언스(주),호흡기관용약
200904516,쥬르택정(세티리진염산염),조아제약(주),호흡기관용약
199400693,지노콜시럽(구연산부타미레이트),동성제약(주),호흡기관용약
200610765,지르텍정(세티리진염산염),한국유씨비제약(주),호흡기관용약
199803095,크라운세티리진염산염정,크라운제약(주),호흡기관용약
198701672,크라운소브레롤캡슐,크라운제약(주),호흡기관용약
198501404,크라운아세트아미노펜정,크라운제약(주),해열진통소염제
200201233,지펜정300밀리그람(덱시부프로펜),삼남제약(주),해열진통소염제
201206715,챔프시럽(아세트아미노펜),동아제약(주),해열진통소염제
201604402,챔프이부펜시럽(이부프로펜),동아제약(주),해열진통소염제
201501315,캐롤디연질캡슐(덱시부프로펜),일동제약(주),해열진통소염제
198700315,캐롤시럽(이부프로펜),일동제약(주),해열진통소염제
200703429,캐롤에프정(이부프로펜아르기닌),일동제약(주),해열진통소염제
201306492,캐롤엔연질캡슐(나프록센),일동제약(주),해열진통소염제
199701033,코나진정(세티리진염산염)(수출명:알리코염산세티리진정|보파세티리진나정|자이조세트정),알리코제약(주),호흡기관용약
201403677,코리투살에프시럽(이부프로펜),부광약품(주),해열진통소염제
201702324,코스빌연질캡슐(덱시부프로펜),코스맥스바이오(주),해열진통소염제
199702105,코졸텍정(세티리진염산염),경동제약(주),호흡기관용약
201005800,코코페디시럽(덱시부프로펜),삼아제약(주),해열진통소염제
201309080,코키즈펜시럽(덱시부프로펜),코오롱제약(주),해열진통소염제
200603871,코프렐정(인산벤프로페린),한국화이자제약(주),호흡기관용약
198901310,콜대원키즈이부펜시럽(이부프로펜),대원제약(주),해열진통소염제
201702784,콜대원키즈펜시럽(아세트아미노펜),대원제약(주),해열진통소염제
201802154,콜제로연질캡슐,한국프라임제약(주),해열진통소염제
201404163,퀵센연질캡슐(나프록센),한국프라임제약(주),해열진통소염제
201900682,큐센연질캡슐(나프록센),삼성제약(주),해열진통소염제
201005696,큐어펜시럽(덱시부프로펜),대원제약(주),해열진통소염제
199101970,크레닉정125밀리그람(클로닉신리시네이트),동인당제약(주),해열진통소염제
198400830,크로낙정(클로닉신리시네이트),영일제약(주),해열진통소염제
200704244,크로날현탁액(레보클로페라스틴펜디조산염),제이더블유신약(주),호흡기관용약
201706689,크로니신연질캡슐(클로닉신리시네이트),(주)테라젠이텍스,해열진통소염제
201603096,크로닌연질캡슐(클로닉신리시네이트),한국프라임제약(주),해열진통소염제
201803130,크로쎈연질캡슐(클로닉신리시네이트),위더스제약(주),해열진통소염제
201804386,크로씬탑연질캡슐(클로닉신리시네이트),투윈파마(주),해열진통소염제
199702485,크로펜정(클로닉신리시네이트),미래제약(주),해열진통소염제
198800901,크록신정250밀리그램(클로닉신리시네이트)(수출명:돌핀정),진양제약(주),해열진통소염제
201606264,크록쎈연질캡슐(클로닉신리시네이트),(주)마더스제약,해열진통소염제
200501216,크린탈정(아세트아미노펜),일양약품(주),해열진통소염제
200905692,클라리틴정(로라타딘),바이엘코리아(주),호흡기관용약
201804349,클로나인연질캡슐(클로닉신리시네이트),동화약품(주),해열진통소염제
200204384,클로닉정125밀리그램(클로닉신리시네이트),화일약품(주),해열진통소염제
201507256,클로딘연질캡슐(로라타딘),진양제약(주),호흡기관용약
201708036,클로맥스연질캡슐(클로닉신리시네이트),코스맥스바이오(주),해열진통소염제
199804342,클리네정(클로닉신리시네이트)(수출명:COKLINTablet),(주)넥스팜코리아,해열진통소염제
200002385,클리신정(클로닉신리시네이트)(수출명:CLICINTab),오스틴제약(주),해열진통소염제
201501029,클리어딘연질캡슐(로라타딘),(주)알피바이오,호흡기관용약
200003155,클리타정(클로닉신리시네이트),(주)한국파비스제약,해열진통소염제
201005606,키즈부펜시럽(덱시부프로펜),(주)유유제약,해열진통소염제
201500197,키즈앤펜시럽(이부프로펜),광동제약(주),해열진통소염제
201702682,킥센연질캡슐(나프록센),크라운제약(주),해열진통소염제
201707307,타미스펜8시간이알서방정(아세트아미노펜),(주)한국글로벌제약,해열진통소염제
199802656,타미진정(세티리진염산염)[수출명:아세르텍정|지레텍정|세진정|알파세진정|ZERINTab.],알파제약(주),호흡기관용약
200201482,타세놀8시간이알서방정(아세트아미노펜),부광약품(주),해열진통소염제
201504877,타세놀정500밀리그램(아세트아미노펜),부광약품(주),해열진통소염제
199600669,타스멘정(아세트아미노펜),대우제약(주),해열진통소염제
200000999,타스펜8시간이알서방정650밀리그람(아세트아미노펜)(수출명:도로돈이알정),대우제약(주),해열진통소염제
199603003,타이레놀8시간이알서방정(아세트아미노펜)(수출명:TylenolArthritisTablet|Tylenol8Hours|Tylenol8hour|TylenolERextendedreleaseCaplet|Tylenol8HourExtendedReleaseCaplet),(주)한국얀센,해열진통소염제
199402278,타이레놀정160밀리그람(아세트아미노펜),(주)한국얀센,해열진통소염제
200502086,타이리콜8시간이알서방정(아세트아미노펜),하나제약(주),해열진통소염제
201802995,타이맥스연질캡슐(아세트아미노펜),코스맥스바이오(주),해열진통소염제
200402947,타이펜8시간이알서방정(군납용:아세트아미노펜650mg서방정),영풍제약(주),해열진통소염제
201602703,탁센400이부프로펜연질캡슐,(주)녹십자,해열진통소염제
200710782,탁센연질캡슐(나프록센),(주)녹십자,해열진통소염제
199901047,태극나렉신정(나프록센나트륨)(수출명:NAPRONEWTABLET),태극제약(주),해열진통소염제
201100502,터논연질캡슐(덱시부프로펜),(주)종근당,해열진통소염제
201801088,통클리어연질캡슐(클로닉신리시네이트),에이프로젠제약(주),해열진통소염제
199703566,통키파에이정(나프록센나트륨),한국프라임제약(주),해열진통소염제
199701234,투렌정(벤프로페린인산염),태극제약(주),호흡기관용약
201503911,튜란트과립200mg(아세틸시스테인),코오롱제약(주),호흡기관용약
201206670,튜란트시럽(아세틸시스테인),코오롱제약(주),호흡기관용약
199100632,튜란트캡슐100밀리그램(아세틸시스테인),코오롱제약(주),호흡기관용약
199100626,튜란트캡슐200밀리그램(아세틸시스테인),코오롱제약(주),호흡기관용약
199800767,트라몰8시간서방정650밀리그람(아세트아미노펜),코오롱제약(주),해열진통소염제
199300758,트라몰정160밀리그람(아세트아미노펜),코오롱제약(주),해열진통소염제
199500466,트라몰정325밀리그람(아세트아미노펜),코오롱제약(주),해열진통소염제
201707306,트리스펜8시간이알서방정(아세트아미노펜),동화약품(주),해열진통소염제
201110120,트리스펜연질캡슐(이부프로펜),동화약품(주),해열진통소염제
200003096,티리진정(세티리진염산염),한미약품(주),호흡기관용약
200202847,티메롤8시간이알서방정(아세트아미노펜),(주)서울제약,해열진통소염제
199102276,파비스염산암브록솔정,(주)한국파비스제약,호흡기관용약
201606148,파인싹연질캡슐(클로닉신리시네이트),제일헬스사이언스(주),해열진통소염제
200100323,팍스정(덱시부프로펜),에이프로젠제약(주),해열진통소염제
201802676,판콜아이시럽(덱시부프로펜),동화약품(주),해열진통소염제
201803970,탁센미니연질캡슐(나프록센),투윈파마(주),해열진통소염제
200103343,팬스타정(덱시부프로펜),(주)서울제약,해열진통소염제
196000011,페니라민정(클로르페니라민말레산염),(주)유한양행,호흡기관용약
200801836,페릭신정(클로닉신리시네이트),명문제약(주),해열진통소염제
200904881,페인엔젤-프로연질캡슐(덱시부프로펜),제이더블유중외제약(주),해열진통소염제
201404406,페인엔젤센연질캡슐(나프록센),제이더블유중외제약(주),해열진통소염제
201403380,페인엔젤이부연질캡슐(이부프로펜),제이더블유중외제약(주),해열진통소염제
200512200,펙소나딘정120밀리그램(펙소페나딘염산염),한미약품(주),호흡기관용약
200500162,펙손정120밀리그램(펙소페나딘염산염),(주)종근당,호흡기관용약
201503319,펜노미아건조시럽(아세트아미노펜),이니스트바이오제약(주),해열진통소염제
199601484,펜세타정(아세트아미노펜제피세립),대원제약(주),해열진통소염제
201507100,펜스톱연질캡슐(덱시부프로펜),고려제약(주),해열진통소염제
201309963,펜잘8시간이알서방정(아세트아미노펜),(주)종근당,해열진통소염제
200100960,펜타우드정(덱시부프로펜),콜마파마(주),해열진통소염제
198900920,폭센정275밀리그램(나프록센나트륨),명인제약(주),해열진통소염제
201708634,푸로싹연질캡슐(나프록센),제일헬스사이언스(주),해열진통소염제
201500683,프러펜400연질캡슐(이부프로펜),한국프라임제약(주),해열진통소염제
201403431,프로센골드연질캡슐(나프록센),명문제약(주),해열진통소염제
199000568,프로트린정(나프록센나트륨),코오롱제약(주),해열진통소염제
200904441,프로펜디연질캡슐(덱시부프로펜),(주)서흥,해열진통소염제
199802621,프리나정(나프록센나트륨),(주)씨엠지제약,해열진통소염제
200103882,프리메정(덱시부프로펜디.씨),한국프라임제약(주),해열진통소염제
200201397,프리비투스현탁액(레보클로페라스틴펜디조산염),대원제약(주),호흡기관용약
201403991,프리센연질캡슐(나프록센),(주)씨엠지제약,해열진통소염제
201701140,프리스펜연질캡슐(이부프로펜),코스맥스바이오(주),해열진통소염제
201502813,프리아틸정600mg(아세틸시스테인),우리들제약(주),호흡기관용약
201800231,프리에스연질캡슐(클로닉신리시네이트),동국제약(주),해열진통소염제
201707302,프리엔에프연질캡슐(나프록센),동국제약(주),해열진통소염제
200905196,프리엔연질캡슐(덱시부프로펜),동국제약(주),해열진통소염제
201600490,플로라딘연질캡슐(로라타딘),동화약품(주),호흡기관용약
201801393,플로리진연질캡슐(세티리진염산염),동화약품(주),호흡기관용약
199702846,하원세티리진정(수출명:히스타진정|HATIZEN|HAWONHATIZEN|HAWONCETIRIZINE),(주)하원제약,호흡기관용약
201005773,하이스펜연질캡슐(이부프로펜),(주)알피바이오,해열진통소염제
201403390,한솔나프록센연질캡슐,한솔신약(주),해열진통소염제
201103366,한솔이부프로펜연질캡슐,한솔신약(주),해열진통소염제
201400681,해그린캡슐(아세틸시스테인),삼익제약(주),호흡기관용약
201403391,확펜연질캡슐(나프록센),(주)유한양행,해열진통소염제
200000559,후루케어캡슐200밀리그램(아세틸시스테인),일동제약(주),호흡기관용약
198200131,후루테날캡슐(소브레롤),일동제약(주),호흡기관용약
201502420,휴니즈아세틸시스테인캡슐200mg,(주)휴온스메디케어,호흡기관용약
201802315,휴러진연질캡슐(세티리진염산염),진양제약(주),호흡기관용약
199903219,휴온스아세틸시스테인캡슐200mg(수출명:MUCOCAPCAP.|MUCETINECAP.),(주)휴온스,호흡기관용약
199600089,휴텍스에이에이피정325밀리그람(아세트아미노펜제피세립),한국휴텍스제약(주),해열진통소염제